<?xml version="1.0"?>
<!DOCTYPE hibernate-mapping PUBLIC "-//Hibernate/Hibernate Mapping DTD 3.0//EN"
"http://hibernate.sourceforge.net/hibernate-mapping-3.0.dtd">
<!-- Generated Mar 4, 2019 12:33:19 PM by Hibernate Tools 3.5.0.Final -->
<hibernate-mapping>
    <class name="com.domain.model.Product" table="PRODUCTS">
        <id name="productId" type="java.lang.String">
            <column name="PRODUCT_ID" />
            <generator class="assigned" />
        </id>
        <property name="productName" type="java.lang.String">
            <column name="PRODUCT_NAME" />
        </property>
    </class>
</hibernate-mapping>
